TDSFU Daily run: Mon Oct 27 11:42:07 UTC 2025 TDSFU
TDSFU Daily run: Mon Oct 27 11:42:27 UTC 2025 TDSFU
TDSFU Daily run: Mon Oct 27 11:43:40 UTC 2025 TDSFU
TDSFU Daily run: Tue Oct 28 04:46:34 UTC 2025 TDSFU
TDSFU Daily run: Wed Oct 29 04:50:30 UTC 2025 TDSFU
TDSFU Daily run: Thu Oct 30 04:45:20 UTC 2025 TDSFU
TDSFU Daily run: Fri Oct 31 04:58:17 UTC 2025 TDSFU
TDSFU Daily run: Sat Nov  1 04:42:22 UTC 2025 TDSFU
TDSFU Daily run: Sun Nov  2 04:45:23 UTC 2025 TDSFU
TDSFU Daily run: Mon Nov  3 04:52:27 UTC 2025 TDSFU
TDSFU Daily run: Tue Nov  4 04:46:39 UTC 2025 TDSFU
